{"cameraMode":{"drawMode":0,"name":"Shaded","section":"Shading Mode"},"sceneLighting":true,"audioPlay":false,"sceneViewState":{"m_AlwaysRefresh":false,"showFog":true,"showSkybox":true,"showFlares":true,"showImageEffects":true,"showParticleSystems":true,"showVisualEffectGraphs":true,"m_FxEnabled":true},"in2DMode":false,"pivot":{"x":-3.6562235355377199,"y":5.697040557861328,"z":3.4267961978912355},"rotation":{"x":-0.3719867169857025,"y":-0.31621989607810976,"z":0.13646169006824494,"w":-0.8619900941848755},"size":3.4104528427124025,"orthographic":false}