{"cameraMode":{"drawMode":0,"name":"Shaded","section":"Shading Mode"},"sceneLighting":true,"audioPlay":false,"sceneViewState":{"m_AlwaysRefresh":false,"showFog":true,"showSkybox":true,"showFlares":true,"showImageEffects":true,"showParticleSystems":true,"showVisualEffectGraphs":true,"m_FxEnabled":true},"in2DMode":false,"pivot":{"x":0.4852634072303772,"y":1.1781907081604005,"z":-0.06275440007448197},"rotation":{"x":-0.21450667083263398,"y":-0.1548459678888321,"z":0.03446680307388306,"w":-0.9637736082077026},"size":1.3187071084976197,"orthographic":false}