{"cameraMode":{"drawMode":0,"name":"Shaded","section":"Shading Mode"},"sceneLighting":true,"audioPlay":false,"sceneViewState":{"m_AlwaysRefresh":false,"showFog":true,"showSkybox":true,"showFlares":true,"showImageEffects":true,"showParticleSystems":true,"showVisualEffectGraphs":true,"m_FxEnabled":true},"in2DMode":false,"pivot":{"x":290.8679504394531,"y":214.7760009765625,"z":21.794544219970704},"rotation":{"x":-0.12259748578071594,"y":-0.03899889439344406,"z":0.0048191300593316559,"w":-0.9916938543319702},"size":253.72373962402345,"orthographic":false}